,보증금액,월세금액,관리금액,권리금,층,면적
1,1000,60,3,1500,1,23.14
2,5000,175,0,10000,1,19.83
4,1000,75,0,2800,1,33.06
5,2000,120,5,2000,1,49.59
7,5000,300,0,2000,1,109.09
8,1500,130,10,0,2,66.1
9,1500,127,10,6000,1,69.42
10,5000,290,0,0,1,60.0
11,5000,250,7,19000,1,72.73
14,500,60,0,300,1,33.06
15,3000,170,10,3000,1,46.28
16,1000,90,0,5000,1,33.06
17,1000,80,0,2000,1,33.06
18,3000,190,1,5000,1,46.28
19,1500,130,0,13500,1,36.36
20,2000,150,10,5000,1,56.2
22,2000,120,5,2000,1,29.8
23,3000,150,10,8000,1,39.67
26,3000,160,36,7000,2,55.0
27,1000,90,2,5000,1,30.0
28,6000,340,40,1200,1,82.64
29,3000,220,10,4000,1,69.42
30,2000,150,0,10000,1,95.0
31,1000,100,2,4000,1,16.53
32,2000,160,0,5000,1,29.75
33,6000,300,0,10000,1,36.36
34,1000,70,0,10000,1,26.45
35,1000,80,6,1000,1,49.59
36,1000,100,0,5000,1,33.06
37,1000,70,3,4500,1,46.28
38,4000,350,0,0,2,160.0
39,2000,160,3,10000,1,63.93
40,3500,189,0,9500,1,23.14
41,3000,160,20,0,1,51.5
42,2000,170,10,1450,1,33.1
43,3000,190,0,3000,2,59.5
44,1500,150,0,4000,1,88.02
45,300,59,0,13000,1,29.75
46,6000,230,0,12000,1,132.23
47,5000,280,7,17000,1,73.54
50,2000,135,5,7500,1,59.5
52,4000,330,0,0,1,66.1
54,2000,180,0,5000,1,50.0
56,1000,150,15,15000,1,115.7
57,3000,130,5,2500,1,29.75
58,3000,110,0,5000,1,82.64
59,2000,150,1,2500,1,49.59
60,2000,120,3,3500,1,84.0
61,6000,550,0,0,1,174.0
62,2000,150,0,3000,-1,46.94
63,2000,80,10,9000,1,26.45
66,1500,65,0,3500,1,40.0
67,2000,120,0,8000,1,59.5
68,2000,55,0,3000,1,46.28
69,6000,500,0,4000,1,132.2
70,500,40,0,2000,1,19.83
71,5000,250,15,0,1,66.12
72,1000,120,15,2500,1,26.45
73,5000,270,0,18000,1,56.2
74,2000,80,0,8000,1,49.59
75,1000,50,0,4000,1,33.06
77,1000,100,0,3500,1,33.06
79,2500,252,31,0,1,66.1
80,4000,225,50,11000,1,42.98
81,2000,200,0,10000,2,79.34
82,9200,920,60,0,1,113.7
83,1000,60,3,1000,1,18.45
84,3000,270,11,0,1,77.0
85,4000,350,30,0,1,72.7
86,1500,170,0,3200,1,29.8
88,2000,120,0,18000,1,92.56
89,500,90,0,3000,1,26.45
90,2000,100,0,1200,1,16.53
92,3000,170,15,0,2,43.0
93,2000,220,0,16000,1,39.67
94,4000,190,20,10000,1,76.03
95,1000,121,0,10000,1,19.83
96,2000,190,4,6000,1,26.45
97,1100,90,0,3000,1,23.14
98,2000,200,20,5000,1,59.5
99,5000,450,20,0,1,105.8
100,2000,170,20,5000,1,33.1
101,2000,130,35,15000,1,39.27
102,500,35,0,1200,1,19.83
103,3000,280,10,3500,1,55.02
104,3000,200,0,4000,1,33.1
105,500,50,0,350,1,21.65
106,3000,150,0,7000,1,109.09
107,2000,100,7,1000,1,46.28
108,1000,80,10,0,1,15.16
109,2000,170,3,8000,1,76.03
111,3000,180,0,6000,1,62.81
112,5500,650,100,6000,1,132.23
113,2000,80,10,8000,1,56.2
114,3500,168,0,18000,1,92.56
116,2000,106,0,1000,1,92.56
117,3000,300,100,12000,-1,56.2
118,5000,350,0,15000,1,72.73
120,5000,300,1,15000,1,60.0
121,2000,120,24,3500,1,49.59
122,3000,300,45,15000,1,33.0
123,2500,140,0,15000,1,42.98
124,3000,190,5,4000,1,82.64
125,2000,40,0,5000,1,33.06
127,1500,200,15,5000,1,33.06
128,6000,250,0,9000,1,42.98
129,5000,350,40,0,1,117.1
130,1000,70,7,5000,-1,119.01
131,3000,350,0,0,1,89.19
132,3000,230,30,12000,1,39.67
133,5000,300,0,5000,1,49.59
135,2000,80,0,3500,1,42.93
136,0,0,40,0,-1,13.22
138,3000,200,15,8000,-1,277.69
139,1800,100,0,3000,1,16.53
141,6000,500,0,10000,1,152.07
142,5000,350,10,1500,1,110.4
144,4000,190,10,3500,1,49.59
145,6000,485,0,0,1,43.0
146,3500,300,10,0,1,56.2
147,500,40,0,2500,1,16.53
149,2000,130,0,5300,1,26.4
150,5000,250,5,15000,1,102.48
151,5000,300,100,10000,-1,99.17
152,1000,75,20,3000,-1,21.05
153,830,70,25,5170,-1,19.83
155,1500,45,0,2000,-1,33.06
156,3000,270,30,2000,1,69.51
157,1500,80,1,1600,1,23.14
158,2000,130,10,5000,1,28.79
159,2000,90,4,3500,1,29.75
160,2000,70,0,1000,1,24.0
161,3000,189,16,3800,1,36.36
162,2000,140,20,2000,1,42.98
163,4000,176,0,8000,1,42.0
164,1000,55,0,2000,1,27.33
165,1000,99,0,7000,1,29.75
166,500,32,3,2000,-1,20.0
167,1000,60,0,4000,1,26.45
168,600,30,0,1400,1,19.83
169,1500,150,15,12000,1,49.59
170,3000,240,15,1500,1,75.09
171,1000,100,0,1000,1,19.83
172,3500,247,120,3500,-1,132.23
173,5000,285,25,1500,1,71.17
174,3000,130,0,3000,2,66.12
175,500,40,0,2500,1,16.53
176,2000,130,0,2000,1,29.75
177,3500,200,10,15000,1,19.83
178,3000,135,2,15000,1,66.12
180,1000,75,15,11000,1,33.06
181,5000,170,0,19000,1,115.7
182,700,80,0,3000,1,16.53
183,1000,70,5,7000,1,39.25
184,8000,400,0,4000,1,138.84
186,2000,180,0,4000,2,72.73
187,4000,270,5,10000,1,56.2
188,3000,150,5,4000,-1,82.64
190,4000,320,10,1200,2,92.6
191,4000,350,0,0,1,82.6
192,1500,130,5,0,1,21.5
194,2000,100,10,0,1,19.8
195,1000,80,2,2300,1,16.53
196,5000,300,0,12000,1,109.09
197,1000,79,0,3000,1,16.53
198,1000,65,0,2500,1,39.67
199,3000,120,40,8000,1,23.14
200,1000,65,3,15000,1,46.28
201,1000,60,0,3500,1,26.45
202,2000,120,45,2500,1,43.0
203,2000,160,10,3000,1,23.14
204,2000,165,0,7500,1,101.88
205,2000,160,10,3500,1,39.7
206,2000,165,15,5000,1,33.06
207,3000,220,5,6000,1,49.59
208,4000,270,15,9000,1,66.12
209,2000,190,13,0,1,49.6
210,3000,200,0,3000,2,115.7
211,2000,100,0,3000,1,42.98
212,2000,150,0,8000,1,42.98
213,300,35,0,4000,1,6.61
214,5000,350,40,0,1,117.0
215,2000,105,0,600,1,29.75
216,2000,110,0,3500,1,26.45
217,2000,190,3,10000,1,26.45
218,5000,350,10,1000,1,109.09
219,6000,255,50,3000,1,39.67
220,1000,100,7,5000,-1,95.87
223,5000,300,0,0,1,75.61
224,3000,130,0,2500,1,49.59
225,1000,70,3,7000,1,29.75
226,1000,70,3,8000,1,29.75
227,1000,80,0,3000,1,23.14
228,5000,350,15,7000,1,89.26
229,3000,222,10,3500,1,76.03
230,2000,120,8,3000,1,72.73
232,2000,180,10,500,1,33.06
233,3000,180,3,9000,-1,99.17
235,1000,60,0,3500,1,33.06
236,1000,80,0,2300,1,19.83
237,6000,230,20,1500,1,52.56
239,5000,270,55,7000,1,49.59
240,3000,250,10,12000,1,33.06
241,1000,77,5,2000,1,23.14
242,4000,250,10,2000,1,62.81
244,1500,150,5,2000,1,49.59
245,3000,280,14,0,1,37.0
246,1500,80,3,2000,-1,62.0
247,2000,126,0,6000,1,26.45
248,1000,100,0,5000,-1,109.09
249,3500,200,0,11000,1,46.28
250,6000,230,2,2000,1,33.6
251,1500,120,15,2500,1,39.67
252,3000,300,30,7000,1,42.98
253,3000,180,5,7000,1,76.03
254,5000,350,10,1500,1,125.02
256,5000,350,40,2000,1,36.36
257,5000,250,5,7000,1,26.45
259,1000,85,0,3000,1,37.0
260,1000,80,3,3000,1,27.0
261,2000,75,0,500,1,16.7
263,1500,150,0,14000,2,429.75
264,3150,230,23,5000,1,26.4
265,2000,100,0,1500,1,49.59
266,1000,121,0,12000,1,23.14
267,2000,180,3,15000,1,23.14
268,1000,75,4,2500,1,33.06
270,1000,150,0,9000,-1,99.17
271,8000,500,15,3800,1,79.34
272,2000,120,25,3000,1,23.14
273,3000,220,10,3500,2,66.12
274,1500,135,10,4500,1,52.89
275,4000,300,12,8000,1,49.59
276,1000,93,0,5000,1,49.59
277,500,70,1,3000,1,33.06
278,2000,150,0,1300,1,46.3
279,4000,230,5,3000,1,39.7
280,500,50,2,8000,1,33.06
281,1000,65,9,0,1,23.0
282,2000,100,0,1000,1,24.8
283,4000,300,0,2500,1,113.34
284,800,50,0,5000,1,29.75
285,2000,150,9,4000,1,42.98
286,4000,175,40,7500,1,26.45
287,2000,150,8,7000,1,19.83
288,3000,200,20,6500,1,36.36
289,3000,200,1,10000,1,33.06
290,700,60,0,4500,1,16.53
291,3000,220,40,7500,1,36.36
293,2000,200,5,8000,1,82.64
294,1000,100,15,10000,1,38.65
295,1500,150,15,5000,-1,145.05
296,3000,255,5,0,1,19.84
297,2000,160,4,3000,1,33.06
298,5000,500,60,3000,1,176.26
299,3000,140,13,16000,1,26.45
300,2000,180,35,4000,-1,33.06
301,3000,210,20,1500,1,33.1
302,2000,200,0,5000,1,82.64
303,4000,170,5,5500,1,40.0
304,2800,190,40,12000,1,39.67
305,500,50,10,3000,1,9.92
306,5000,300,20,5000,1,36.36
307,2000,132,0,11500,1,60.79
308,3000,190,80,6500,1,66.12
309,2000,60,0,4000,1,33.06
311,5000,350,0,19000,1,42.98
312,2500,75,0,2500,1,16.53
313,1000,60,0,7000,1,23.14
314,1000,50,0,1500,1,33.06
315,4000,170,0,4000,1,132.23
316,4000,140,0,8000,1,56.2
317,3500,268,11,6500,1,82.64
319,2000,80,0,2000,1,26.4
320,2000,50,1,2500,1,19.83
321,2000,200,0,6000,1,82.41
322,3000,180,10,3500,1,33.06
323,1000,60,0,4000,1,16.53
324,3000,240,15,1500,1,75.0
326,3000,250,5,5000,1,72.73
327,2000,180,4,5000,1,56.2
328,5000,210,10,500,1,75.78
329,1200,95,4,1000,1,19.83
330,5000,200,45,10000,1,49.59
331,2000,170,5,0,2,56.2
332,5000,250,10,7000,1,84.0
333,3000,150,15,11000,1,39.67
334,3000,170,0,14000,1,42.0
335,2000,170,17,10000,1,46.28
336,600,50,0,2700,1,19.83
337,5000,250,3,1500,1,49.59
339,3000,240,0,3000,1,33.06
340,800,55,0,5000,1,33.06
342,2000,100,0,4400,-1,52.89
343,3000,190,0,10000,1,33.06
344,4000,180,15,3000,1,30.74
345,1000,75,1,1300,1,40.0
346,500,45,10,5000,1,26.45
347,5000,480,35,0,1,82.0
348,5000,300,20,0,1,46.98
349,2000,150,5,1500,2,73.12
350,2000,200,16,1,1,39.9
353,1000,70,0,5000,1,36.36
354,1500,80,0,1500,1,33.06
355,3000,240,0,7000,1,39.67
356,2000,120,8,5000,1,39.67
357,2000,90,0,10000,1,39.67
358,1000,80,5,4000,1,33.06
359,2000,60,0,5000,1,29.75
360,1000,80,0,6500,1,39.67
361,1000,85,0,1600,1,59.5
362,2000,105,5,400,1,33.1
363,5000,350,15,0,1,64.8
364,2000,120,1,4000,1,66.12
365,5000,360,40,0,2,181.8
366,4000,260,30,2000,1,26.45
367,1000,67,0,5000,1,26.45
369,3000,150,0,3000,1,42.98
370,3000,160,0,4500,1,33.06
371,3500,210,10,4500,1,39.6
372,1500,66,0,5000,1,23.14
373,1000,80,10,1500,1,42.54
374,1000,70,5,2500,1,16.53
376,2500,140,0,7000,1,49.0
377,1000,85,5,5000,1,23.1
378,1000,99,3,2500,1,30.0
379,0,0,0,0,1,337.19
380,4000,270,15,6000,1,49.59
381,1500,140,3,6500,1,39.67
382,1000,75,1,500,1,39.67
383,1000,60,0,1700,1,23.14
384,5000,300,20,1500,2,132.2
385,5000,300,85,13000,-1,59.5
387,5000,320,5,15000,1,105.79
388,5000,250,3,8000,1,19.83
390,3500,255,15,16500,1,72.73
391,2000,60,0,4000,1,36.36
392,3000,265,20,7000,1,79.34
393,2000,160,0,8500,1,85.95
394,3000,220,5,2000,1,50.0
396,4000,404,60,7000,1,66.12
397,4000,300,35,4000,2,86.49
398,0,0,60,0,1,178.1
399,3000,190,0,10000,1,33.06
400,3000,250,9,3000,1,66.12
402,2000,210,20,10000,1,52.89
403,3000,300,10,12000,1,72.73
405,8000,300,35,1000,1,66.12
406,2500,180,10,0,2,93.93
407,3000,200,15,0,2,40.75
408,8000,300,5,0,1,66.1
409,5000,420,0,0,1,86.4
410,2000,80,10,1000,2,24.0885
413,5000,280,0,0,1,59.78
414,1300,130,50,10000,-1,42.98
418,2000,160,10,6000,1,66.12
420,4000,215,5,5000,1,59.5
421,2100,168,10,18000,2,39.67
422,1500,150,0,6000,1,49.59
423,5000,350,30,7000,1,49.59
424,3000,180,5,7000,1,66.12
425,3000,300,30,4000,1,42.98
427,2000,140,0,0,1,33.1
428,2000,150,0,3000,1,42.98
429,2500,125,30,2500,1,79.34
430,4000,250,10,2000,1,49.6
431,6000,350,0,0,1,115.7
432,2000,170,35,6000,1,36.0
433,4000,351,0,11000,1,66.12
434,3000,160,5,5000,1,33.06
435,1000,33,2,2300,1,26.4
436,2000,190,10,9500,1,49.59
437,1000,100,4,2500,1,19.0
438,1000,160,5,2000,1,31.0
439,5000,300,5,0,1,110.7
442,4000,150,0,5000,1,59.5
443,1500,88,7,5000,1,23.14
444,1700,80,0,4500,1,39.67
445,7000,380,65,11000,1,158.95
446,1000,100,150,2000,-1,82.64
447,3000,185,30,3500,1,33.06
448,1500,100,5,5000,1,19.83
449,5000,400,0,12000,1,92.56
451,2000,180,15,4000,1,33.06
452,2000,155,0,2500,1,33.06
453,2000,180,10,7500,-1,82.64
454,3000,170,10,0,1,30.0
455,5000,270,24,5000,1,39.67
456,2000,100,80,3000,-1,132.23
457,5000,300,0,0,1,105.8
458,6000,500,20,0,1,90.0
459,1500,120,0,6600,1,46.28
460,5000,300,15,0,1,21.76
461,2500,160,8,0,1,36.4
462,1000,100,1,15000,1,59.5
463,5000,275,65,15000,1,79.34
464,3000,210,3,2000,1,92.56
465,1000,68,1,10000,1,52.0
466,1000,50,40,2000,1,29.75
467,1500,160,6,3000,1,29.75
468,1000,96,5,10000,2,105.0
469,6000,480,25,7000,1,59.5
470,5000,350,50,10000,1,148.76
471,2000,130,23,6000,1,29.75
472,2000,120,0,5000,1,66.12
473,1000,95,7,3000,1,23.14
476,1000,70,3,1200,1,33.06
477,500,150,1,0,-1,66.1
478,5000,210,18,5000,1,59.5
479,4000,200,5,4000,1,33.06
480,500,65,1,3500,1,20.0
481,3000,280,20,0,1,56.9
482,3000,130,3,4000,1,30.42
483,7000,350,30,4000,1,79.34
485,1500,100,3,3000,2,26.4
486,3000,250,16,0,1,45.9
487,2000,140,2,6000,1,26.45
488,4000,180,30,0,1,25.0
489,2500,150,10,5000,1,66.12
490,3000,180,30,9000,1,39.67
491,5000,265,9,9000,1,23.14
492,2000,150,15,5000,1,42.98
493,4000,180,3,3000,1,35.2
494,3000,330,0,0,1,89.4
495,2000,70,0,3000,1,23.14
496,1000,80,10,3000,1,26.45
497,1000,65,0,5300,1,36.36
498,2000,120,0,6000,1,33.06
499,1000,50,5,10000,1,16.53
500,2000,140,0,300,1,30.58
502,3000,250,10,6000,1,99.17
503,2500,200,5,6000,1,52.89
504,9000,350,40,9000,1,85.95
505,4000,200,10,0,1,33.1
506,2000,190,10,0,1,43.0
507,2000,160,0,2500,1,33.1
508,3000,220,10,0,1,49.6
509,1000,65,7,5000,1,29.75
510,0,30,0,5000,-1,42.98
511,2000,180,5,6000,1,49.59
512,1000,71,0,2500,1,23.14
513,2500,120,5,7000,1,33.69
514,2000,262,0,6000,1,19.83
515,1000,100,0,12000,1,69.42
517,3000,220,0,14000,1,99.17
518,4000,200,19,0,1,33.1
519,2000,220,10,8000,1,132.23
521,2000,143,0,3000,1,59.5
522,2000,325,0,13000,1,29.75
523,4000,130,1,12000,1,39.67
524,5000,180,10,0,-1,62.8
526,0,0,5,0,1,33.06
527,500,40,0,2500,1,16.53
529,1000,60,0,4800,1,9.92
530,3000,120,0,3000,1,33.06
532,2000,80,10,6500,1,26.45
533,2000,80,0,2000,1,33.06
534,2000,80,3,500,1,26.45
535,1000,63,5,2000,1,19.83
536,2000,150,0,600,1,29.96
537,3000,210,50,8500,1,26.45
538,3000,140,7,4000,1,66.1
539,6000,400,0,0,1,89.3
540,0,0,25,0,1,41.0
541,1500,110,7,0,1,31.67
542,2500,154,35,7000,1,46.28
543,600,60,0,500,1,23.14
544,1000,90,5,5000,1,42.98
545,3000,160,5,4000,1,46.28
546,1000,80,0,1500,1,26.45
548,1000,150,0,5000,1,52.89
549,4000,130,5,4000,1,82.64
550,2000,110,10,7000,1,23.14
551,2000,160,20,9000,1,66.0
552,2000,100,0,3000,1,33.06
553,2000,130,0,10000,1,26.45
554,2500,180,15,10000,1,39.67
555,1000,70,30,4000,1,29.75
556,1500,90,0,3500,2,49.59
557,4000,300,12,8000,1,46.28
558,3000,230,30,500,1,37.21
559,5000,380,40,500,1,38.5
560,1000,75,0,5000,1,29.75
561,2000,160,10,1000,2,49.6
562,1500,65,2,6000,1,29.75
563,1000,70,1,2000,1,23.14
564,2000,120,13,1500,1,29.75
565,2000,80,25,4500,1,29.75
566,3000,160,3,9000,1,79.34
567,5000,155,30,3500,1,49.59
568,2000,170,10,4800,1,115.7
569,2500,210,0,8500,1,81.17
570,1000,55,0,2200,1,32.95
571,1000,100,0,1000,1,28.1
572,500,30,0,5000,1,26.45
573,1000,80,0,2300,1,19.8
574,3000,200,0,9000,2,66.12
575,4000,132,0,8000,1,19.83
576,2000,121,0,15000,1,9.0
578,2000,110,6,3000,1,33.06
579,1000,60,0,0,1,19.83
580,3000,250,40,7000,1,36.36
581,5000,250,0,9000,1,49.59
582,1000,50,0,3500,1,39.0
583,1000,80,7,4000,1,32.4
584,2000,120,2,5600,1,52.89
586,5000,300,8,15000,1,115.7
588,1000,80,0,3500,1,36.36
589,3500,210,20,2500,1,39.67
590,2000,230,3,10000,1,59.5
591,7000,280,13,6000,1,42.98
592,4000,250,20,10000,1,66.12
593,3000,340,0,17000,1,62.81
594,1200,90,0,7000,1,70.0
595,5000,300,6,7500,1,99.17
596,2000,120,40,5800,1,33.06
597,2000,120,70,2000,-1,33.06
598,1000,50,10,0,1,16.53
599,1000,120,7,2500,1,29.75
600,2000,150,7,3700,1,76.03
601,2000,130,0,4500,2,49.59
602,5000,355,15,18000,1,66.6
603,2500,90,5,10000,2,82.64
604,7000,450,0,1500,1,109.03
605,500,65,0,2700,1,6.61
607,8000,800,0,8000,1,241.0
608,6000,430,30,0,1,99.17
609,900,95,0,2500,2,14.0
610,5000,220,10,6000,1,59.5
611,2000,120,12,13000,1,52.89
612,2000,120,10,4800,1,39.0
613,500,45,2,500,1,29.8
614,5000,480,40,0,1,115.01
615,1000,66,0,8000,1,19.83
616,2000,130,0,2800,1,23.14
618,5000,230,20,5000,1,99.17
619,3000,220,3,7500,1,33.06
620,5000,300,50,6500,-1,36.36
621,2700,232,30,4000,1,59.5
623,4000,150,0,5000,1,52.89
624,1000,60,0,4000,1,52.89
625,1500,70,3,8000,1,36.36
627,1000,140,5,4700,2,49.59
628,2000,85,0,2000,1,9.92
629,3000,100,0,1000,1,23.14
630,2000,120,3,4500,1,33.06
632,1000,70,5,3000,1,33.06
633,500,65,2,3200,1,46.28
636,2000,130,0,7000,-1,99.17
637,4000,180,5,15000,1,89.26
638,6000,180,30,10000,1,26.45
639,2000,90,0,2500,1,33.06
640,0,0,0,0,1,122.31
641,7000,600,15,3500,1,148.76
642,1500,110,5,0,1,36.4
643,2000,90,0,8500,1,49.59
644,3000,160,2,7000,1,66.0
645,3000,220,0,0,1,35.0
647,5000,240,5,1000,2,33.06
649,2000,176,0,12000,1,62.81
650,2000,130,6,10000,1,56.2
651,500,113,0,5000,2,23.14
652,3000,150,5,6000,1,49.59
656,1500,120,0,8500,1,56.25
657,500,50,0,5500,1,29.75
658,2500,230,7,11000,1,23.14
659,3000,290,10,13000,1,19.83
661,2000,200,10,7000,1,29.75
663,2000,160,10,4000,2,33.0
664,2000,220,13,7000,1,35.0
665,1000,73,0,0,1,19.8
666,1000,100,7,3000,1,23.14
667,3000,260,5,13000,1,79.34
669,1000,70,0,2500,1,16.53
670,7800,500,0,12200,1,82.64
671,3000,300,0,12000,1,99.17
672,4000,235,40,17000,1,33.06
673,2000,120,0,4000,1,29.75
674,500,30,15,2000,-1,23.14
675,5000,460,0,4500,-1,162.0
677,2000,165,0,7500,1,39.67
678,6000,500,0,15000,1,105.79
679,2000,130,10,6000,1,49.59
681,2500,120,1,12000,1,36.36
682,1500,50,1,1800,1,6.61
683,2000,150,0,5000,2,76.03
685,2000,200,0,5000,2,36.36
686,5000,300,0,10000,1,119.01
688,5000,300,0,7000,1,6.61
689,500,50,0,2000,1,13.22
692,3000,350,50,0,1,99.0
693,1000,100,10,3000,1,33.1
694,3000,427,0,2000,1,185.12
695,3000,220,10,8000,1,99.17
696,500,50,0,2000,1,26.45
697,2000,100,5,500,1,33.06
698,3000,260,3,15000,1,56.2
699,4000,170,5,2000,1,66.12
701,4000,290,0,15000,1,33.06
702,2000,110,2,4000,1,49.59
703,2000,230,0,7000,1,52.89
705,3000,270,10,8000,1,119.01
706,1000,90,0,5000,1,26.45
707,1000,90,5,2500,1,35.0
708,1000,80,0,3000,1,33.06
709,1000,73,10,3500,1,23.1
712,5000,344,16,10000,2,72.73
714,2000,185,0,7000,1,79.34
715,2500,140,0,5500,1,23.14
716,5000,400,43,2000,2,191.74
717,1000,100,28,1500,-1,33.06
718,1000,110,0,7000,2,99.17
720,2000,150,0,4000,1,72.73
721,5000,480,30,7000,1,76.0
722,4000,250,10,2000,1,63.5
723,2000,120,5,500,1,33.06
724,3000,260,10,12000,2,56.2
726,2000,180,20,8000,-1,142.15
727,8000,400,45,5000,1,39.67
728,2500,180,0,5000,1,62.81
729,1000,95,2,10000,1,26.45
730,5000,350,10,10000,1,69.42
731,1000,75,3,3000,-1,33.0
732,5500,190,10,7000,1,49.59
733,2000,100,0,2500,2,76.03
734,1000,150,3,5000,1,19.83
735,2000,140,10,7000,1,66.12
737,1000,130,0,3000,1,56.2
738,1500,75,10,2800,1,26.45
739,2000,90,0,2500,1,33.1
741,3500,250,0,8000,1,82.03
742,2500,150,5,0,1,37.4
743,2000,200,35,2500,1,33.06
744,2000,130,5,3000,-1,39.67
745,1500,90,10,2500,1,23.1
746,3000,200,5,12000,1,66.12
747,1500,100,0,15000,-1,45.29
748,8000,750,30,0,1,155.32
749,1000,65,0,4500,1,42.98
750,3000,120,3,3000,1,76.03
751,8000,380,17,0,1,57.9
752,1000,80,0,2300,1,19.8
754,4000,138,5,6000,1,26.45
755,1000,50,4,1000,1,16.53
756,3000,270,0,5000,1,88.0
757,3500,250,20,2000,1,91.28
758,3000,140,10,5000,1,52.89
759,1000,90,5,2000,-1,59.5
761,1000,110,5,0,1,30.0
763,1000,70,8,0,1,16.0
764,8287,552,68,0,2,214.9
765,2500,220,10,0,1,93.4
766,1000,50,1,1500,1,39.67
767,2000,100,6,2000,1,49.59
768,5000,300,10,15000,1,66.12
769,1000,100,10,3500,1,26.45
770,1500,170,35,8500,1,16.53
771,3000,180,45,4000,1,33.06
772,2000,110,18,7000,1,26.45
773,3000,180,15,5000,1,49.59
774,1000,70,0,6000,1,26.45
776,3000,250,15,0,1,79.34
777,4000,225,30,2500,-1,171.9
778,5000,260,15,5000,1,59.5
779,1500,110,0,3000,-1,39.67
780,3000,203,0,10000,1,42.98
781,500,60,2,3000,-1,56.2
782,1000,60,0,5000,1,23.14
783,2000,180,20,5000,1,59.5
785,900,85,35,4000,1,19.83
788,2000,100,5,500,1,33.1
790,5000,280,15,8000,-1,39.67
792,500,65,0,2000,1,49.59
793,3000,150,30,9000,1,46.28
794,5000,450,50,3000,-1,85.95
796,3000,250,0,0,1,66.1
798,2000,100,5,6000,1,33.06
799,2000,100,20,7000,1,23.14
801,1000,100,3,5000,1,22.86
803,3000,230,35,2000,1,36.36
804,8000,550,80,0,1,231.4
805,6000,400,50,0,1,82.6
806,3000,250,60,10000,2,52.89
807,3000,230,43,7000,-1,62.81
808,5000,400,20,0,1,94.46
809,1000,80,6,3000,1,26.45
810,1000,60,2,2500,1,33.06
811,3000,250,30,5000,1,23.14
812,3000,220,12,15000,1,33.06
813,5000,250,0,0,1,82.6
814,5000,470,0,0,1,181.8
816,3000,150,20,0,1,82.6
817,3000,150,15,0,1,30.0
818,5000,330,130,13000,1,42.98
819,1000,55,30,5000,-1,26.45
820,1000,120,10,3000,1,26.45
821,2500,220,5,9500,1,59.5
822,2000,190,9,5000,1,38.01
823,1200,60,3,4500,1,26.45
824,2000,136,8,8000,1,33.06
825,2000,170,0,2000,1,19.83
826,3000,330,30,9500,1,124.0
827,2000,143,0,19500,2,165.29
828,2200,150,4,2500,1,49.59
829,2000,130,0,4000,1,66.12
830,3000,270,18,17000,1,66.12
831,3000,130,4,2500,1,39.67
832,5000,150,0,0,1,101.12
834,500,30,1,2300,1,13.22
835,3000,270,20,8000,1,33.06
836,2000,120,0,6000,1,79.34
837,300,20,0,550,1,16.53
838,1000,70,3,1500,1,16.53
839,2000,180,5,5000,1,23.14
841,2000,230,20,4500,1,82.6
842,4000,280,15,12000,1,19.83
843,500,60,0,5000,1,33.06
844,1000,90,0,5000,1,56.2
846,2000,150,0,4000,1,33.06
847,500,175,0,6000,1,33.06
848,1000,104,35,2300,1,42.98
849,2500,220,10,2500,1,59.5
850,2500,190,45,11000,1,59.5
851,1000,120,8,2500,1,33.06
852,8000,600,10,5500,1,145.5
853,1500,110,10,2500,1,26.45
854,1000,60,0,1200,1,16.5
855,2000,90,6,5000,1,33.06
856,3000,180,15,3500,1,30.0
857,4000,200,0,13500,1,42.98
858,1500,90,0,4000,1,66.12
859,3000,230,8,19000,1,56.2
860,1000,70,10,2800,-1,33.06
861,5000,300,15,10000,1,33.06
862,500,70,0,4500,1,33.06
863,1000,110,60,3500,1,23.0
864,5000,270,65,8000,1,79.34
865,500,70,4,300,1,13.39
866,3000,160,10,8000,1,56.2
867,3000,220,0,0,1,33.06
869,5000,290,65,0,1,58.8
870,4500,350,13,0,1,59.5
871,5000,280,0,5000,1,23.1
872,2000,150,5,2000,1,33.1
873,1000,80,7,0,1,21.5
874,1500,130,15,3000,1,43.4
875,2000,100,0,13000,2,82.64
876,3000,210,0,5000,1,76.03
877,5000,250,15,6000,1,59.5
879,4000,280,40,15000,1,33.06
880,2000,220,10,10000,1,62.81
881,1000,120,0,5000,1,49.59
882,1000,80,5,1600,1,25.0
883,9000,150,30,5000,-1,89.26
884,5000,400,7,0,1,103.11
886,2000,120,5,3000,1,29.75
888,2000,120,10,9000,1,13.22
889,4500,220,2,5500,1,79.34
891,2500,350,0,15000,1,214.88
892,3000,210,20,15000,1,63.51
893,2000,160,30,3200,1,46.28
894,1000,130,3,4000,-1,33.06
895,1500,125,0,4500,1,56.2
896,1000,65,0,1000,1,33.06
898,3000,220,0,10000,1,59.0
899,3000,240,70,4000,1,26.45
900,2000,160,27,6000,1,33.06
901,3000,300,30,1500,1,26.45
902,5000,100,0,4000,1,62.81
903,1000,70,0,2500,1,26.45
906,8000,220,1,5000,1,26.45
907,3000,250,0,3000,1,33.06
908,3000,145,5,3000,1,36.36
909,3000,230,10,12000,1,26.45
910,3000,140,20,5000,1,46.28
911,2000,115,0,7000,1,59.5
913,5000,300,0,11000,1,82.64
914,4000,300,35,4000,1,35.57
915,3000,140,3,6000,1,29.75
916,5000,500,80,15000,1,89.26
918,3000,220,0,5000,1,85.95
919,4000,243,0,1000,1,92.56
920,2000,110,30,1000,1,19.84
921,3000,170,0,8000,1,30.0
922,2000,150,10,4500,1,40.48
923,2000,200,40,1700,1,26.45
924,2000,165,40,3500,1,39.67
925,1000,55,0,3000,1,19.83
926,3000,137,3,2000,1,36.36
927,6000,450,0,10000,1,89.26
929,1000,77,0,6000,1,26.44
930,2400,170,0,5000,1,33.06
932,400,50,0,2000,1,19.83
934,3000,150,0,7000,1,42.98
935,3000,300,10,0,1,52.27
936,1000,90,0,4000,1,33.06
938,7000,650,0,0,2,40.0
939,3500,230,40,0,-1,82.6
940,7000,550,30,0,1,88.2
941,1000,90,2,1500,1,33.06
942,1800,155,10,3500,1,59.5
943,5000,350,50,10000,1,112.4
944,3500,250,17,4200,1,132.23
945,5000,360,20,0,1,79.3
947,2000,180,10,350,1,39.0
948,2000,192,10,3000,1,52.89
949,2500,187,13,10000,2,95.87
950,5000,275,110,2600,-1,78.0
951,500,55,5,5000,1,19.83
952,1000,100,60,10000,-1,89.26
953,3000,300,30,15000,1,125.62
954,1500,150,90,2500,1,23.14
955,1500,330,24,3500,1,26.45
956,1000,120,0,0,1,37.0
958,3000,170,0,5000,-1,36.36
959,1000,60,0,3000,1,33.1
962,4000,280,50,4000,1,128.0
964,3000,170,0,7000,-1,33.06
965,2000,240,10,5500,1,39.67
966,3000,120,7,2500,1,36.36
967,2000,180,0,6000,2,56.2
968,3000,300,6,5000,1,69.42
969,3000,150,10,3500,1,26.45
970,1000,280,0,3500,-1,21.0
971,2000,120,25,5000,1,23.76
972,3000,132,0,7000,1,95.87
974,6000,400,32,17000,1,79.34
975,2000,250,10,1000,1,56.2
976,3000,270,0,10000,2,39.67
977,3000,120,0,0,1,59.5
978,2000,190,0,5000,1,99.17
979,2000,150,0,0,1,36.0
980,2000,180,0,4000,2,49.6
981,6000,380,20,0,1,135.5
982,1000,60,0,2000,1,29.8
983,5000,250,30,0,1,82.6
984,0,0,0,0,1,537.5
985,1500,125,5,13500,1,23.14
986,5000,200,13,500,1,53.97
987,1000,80,0,2500,1,27.0
988,3000,280,20,12000,-1,49.59
989,4000,220,35,2000,1,39.7
991,6000,330,20,13000,1,46.28
992,3000,341,30,5000,2,99.17
993,3000,220,0,10000,1,44.4
994,2000,148,10,12000,1,49.59
995,5500,268,20,3000,1,59.5
996,1500,80,0,2900,-1,41.84
997,4000,350,0,10000,1,55.73
998,5000,250,8,3000,1,42.31
999,1000,70,0,6000,1,13.22
1000,3000,120,0,3000,1,15.87
1001,1000,80,0,3000,1,33.06
1002,3000,150,5,3000,1,91.2
1004,5000,370,20,8000,1,59.5
1005,1000,80,0,10000,1,16.53
1006,1000,50,20,3000,1,26.45
1007,3000,240,10,0,1,66.1
1008,2000,150,0,0,1,49.6
1009,2000,110,0,0,1,17.0
1010,5000,300,0,4000,1,33.06
1011,5000,300,100,12000,1,39.67
1013,2000,225,5,8000,1,33.0
1015,2000,200,5,6000,1,56.52
1016,1000,70,15,2000,1,33.06
1017,2000,110,0,3500,1,33.1
1018,2000,170,0,1500,1,33.1
1019,3000,280,20,7000,1,23.14
1020,4000,207,0,14000,1,75.67
1021,4000,330,20,14000,1,16.53
1022,5000,600,60,10000,1,165.29
1023,2000,110,3,4000,1,38.94
1024,500,46,5,800,1,13.22
1025,5000,400,70,15000,1,59.5
1028,3000,155,20,3000,1,29.75
1029,1500,170,0,0,1,36.4
1030,3000,132,0,3000,1,33.06
1031,5000,160,0,5000,1,62.81
1032,1200,90,0,4000,1,42.98
1033,4000,330,50,5000,1,92.56
1034,2000,138,0,6000,1,26.45
1035,3000,250,5,5000,2,165.87
1036,3000,120,1,0,1,29.8
1037,1000,100,10,6000,1,78.0
1040,2500,150,0,1500,1,26.45
1041,5000,280,10,15000,1,80.99
1042,1000,77,0,2000,1,26.0
1043,1500,60,2,1500,1,33.06
1045,1000,60,0,2800,1,20.0
1046,1000,130,0,2000,1,33.06
1047,3000,190,2,2000,1,39.6
1048,1000,110,2,500,-1,82.64
1049,2000,160,10,4500,2,33.0
1050,2000,130,0,4500,1,59.5
1051,1000,80,5,3000,1,18.8
1052,2000,110,28,1000,-1,42.98
1053,4000,160,10,5000,1,46.28
1054,1500,100,4,2500,1,16.53
1055,1000,60,18,1500,-1,23.14
1056,1500,85,5,8000,1,29.75
1057,4750,300,85,17000,1,118.5
1060,3000,190,19,19000,1,85.95
1061,2000,180,0,10000,1,165.29
1062,3000,360,0,9500,1,129.41
1063,1700,135,10,15000,1,23.14
1064,5000,250,13,8000,1,36.36
1066,8000,460,10,0,1,99.0
1067,5000,350,10,1000,1,125.02
1068,1500,140,0,10000,1,109.09
1069,2300,100,5,2000,1,33.06
1070,1500,90,0,0,1,33.1
1071,5000,450,0,0,1,132.2
1072,4000,210,0,11000,1,29.75
1073,5000,217,5,4000,1,37.0
1074,1500,120,3,5500,1,46.28
1075,6000,350,30,0,1,33.06
1076,1500,130,5,3000,1,26.45
1077,3000,140,10,8000,1,33.06
1078,2000,140,50,3000,1,42.98
1079,500,50,25,2000,-1,9.92
1080,3000,243,0,4500,1,49.59
1081,8000,420,15,0,1,31.5
1082,3000,250,0,0,1,87.0
1083,2000,120,3,8000,1,39.1
1086,2000,210,12,3000,1,31.59
1087,3000,235,40,2000,1,49.6
1089,1200,130,0,1000,1,56.2
1090,2000,150,0,10000,1,26.45
1091,4000,230,25,4500,1,72.73
1092,2500,150,0,18000,1,82.64
1093,2500,184,24,2000,1,52.89
1094,1000,80,0,3000,1,33.06
1095,500,70,5,200,1,13.22
1096,2000,150,10,0,1,46.0
1097,5000,290,0,7000,1,66.1
1098,4000,270,30,4000,1,70.63
1099,1000,70,0,900,1,25.0
1100,1000,120,0,11000,1,52.89
1101,3000,150,15,5000,1,23.14
1103,1000,100,0,2000,1,29.75
1107,4000,300,3,15000,1,33.06
1109,1000,80,8,4000,1,29.75
1110,2000,230,0,4500,1,66.12
1111,5000,341,80,10000,1,29.75
1114,1000,60,3,1000,1,21.91
1115,1000,80,10,2400,1,33.06
1116,5000,350,0,0,1,110.0
1117,1000,80,0,1500,1,26.4
1118,3000,300,0,4500,1,21.0
1119,2000,200,45,5000,1,34.85
1120,1000,50,0,1000,1,33.06
1121,2000,130,5,2500,1,52.89
1122,1000,65,3,500,1,23.14
1124,2000,99,8,10000,1,31.3
1125,2000,110,5,4500,1,36.36
1126,1000,100,5,4000,1,49.59
1127,2000,175,7,7500,2,48.26
1128,2000,120,10,7000,1,21.45
1129,1000,75,0,2500,1,23.14
1130,3000,250,10,0,1,99.2
1131,1500,90,10,3500,1,56.2
1132,2000,150,0,10000,1,81.0
1133,5000,330,80,15000,1,148.76
1134,2000,180,0,13000,1,56.2
1135,3000,60,6,3000,1,23.14
1136,5000,310,0,5000,1,76.03
1137,2100,120,0,6500,1,19.8
1139,2000,150,10,5300,1,84.26
1140,1000,110,0,7000,1,23.14
1141,2000,150,5,4000,1,49.6
1142,3000,200,10,3000,1,39.67
1143,2000,140,0,2000,1,79.34
1144,0,0,7,0,1,43.54
1145,1500,105,2,3000,1,42.98
1146,8000,420,80,15000,1,69.42
1147,1000,60,15,3000,1,22.32
1149,2000,150,0,7000,1,29.75
1150,3000,130,0,2000,2,93.87
1151,1000,80,0,15000,1,39.67
1153,800,50,0,1500,1,16.53
1154,1500,90,0,4500,1,46.28
1155,2500,210,5,15000,1,66.12
1156,1000,85,0,8000,1,39.67
1157,1000,90,10,500,1,26.45
1159,1500,140,2,2000,1,36.36
1160,3000,165,0,15000,1,92.56
1161,1500,110,5,2460,1,26.45
1163,1000,105,5,3500,1,33.06
1164,3000,300,5,0,2,59.18
1165,1000,80,5,100,1,47.42
1166,5000,260,15,3000,1,52.9
1167,2000,80,0,3800,1,39.7
1168,2000,250,0,9000,1,82.64
1169,2000,90,0,1000,1,75.9
1170,2000,130,0,2500,1,79.34
1171,0,0,30,0,1,100.29
1172,6000,450,15,0,1,73.0
1173,3000,130,5,6000,1,82.64
1174,5000,340,10,5000,1,36.26
1177,3000,160,0,12000,1,122.19
1178,1000,50,0,2500,1,33.06
1179,3000,336,0,7000,1,89.26
1180,6000,204,0,15000,1,36.36
1181,6500,230,20,12000,1,26.45
1182,2000,90,0,12000,1,56.2
1183,2000,200,5,3500,1,62.37
1184,1000,50,2,3000,1,19.83
1185,4000,320,60,15000,1,95.87
1186,1000,60,3,7000,1,19.83
1187,3000,320,8,3000,1,75.65
1188,1000,75,2,3000,1,23.14
1190,3000,150,10,8000,-1,26.45
1191,3000,160,0,7000,1,66.12
1192,2000,160,17,5000,1,40.38
1193,1200,50,1,2000,1,23.6
1194,2000,160,5,0,1,59.5
1195,4000,210,0,3500,1,80.93
1196,3000,220,30,4000,1,66.0
1197,6720,407,11,15000,1,26.45
1198,3000,285,0,5000,1,52.89
1199,1000,105,5,3500,1,33.06
1200,1000,95,40,0,-1,26.45
1201,3000,240,40,6500,1,49.59
1202,100,35,0,1300,1,33.06
1204,2000,115,0,0,1,23.1
1205,3500,150,0,6000,1,33.1
1206,2000,180,0,0,1,54.0
1208,4000,200,7,2000,1,49.6
1209,4500,260,0,3000,1,83.37
1210,2000,180,20,4000,1,89.26
1211,1000,100,10,4500,1,79.3
1212,2000,165,15,12000,2,96.0
1213,2000,170,5,0,1,59.5
1215,3000,230,0,3000,1,148.76
1216,2000,180,2,8000,1,89.2
1217,1000,60,0,1000,1,19.83
1218,1000,65,3,2900,1,42.98
1219,4000,180,10,7000,1,49.0
1220,1000,70,0,5000,1,13.22
1221,8000,750,30,0,1,82.6
1223,500,60,0,4100,1,29.75
1224,2500,130,5,5000,2,89.26
1225,5000,378,0,8000,1,76.03
1226,2000,110,5,6000,1,29.8
1227,500,50,5,1500,1,66.1
1228,3000,220,25,5000,1,39.57
1229,4500,369,3,10000,1,13.22
1230,3000,150,0,2500,1,66.12
1231,2000,140,0,2500,1,46.28
1232,1000,70,9,3500,1,49.59
1233,2500,190,10,0,1,23.1
1234,2000,260,20,8000,1,62.56
1235,1000,93,0,3500,1,26.45
1236,5000,310,0,11000,1,82.64
1237,4100,195,0,13000,1,62.81
1238,1000,88,2,3500,2,92.56
1239,4000,270,30,4000,1,92.56
1240,3000,150,2,2000,2,89.67
1243,2000,150,7,7000,1,49.59
1244,1000,70,4,700,1,12.0
1245,1500,90,10,0,1,19.8
1246,2000,170,0,0,1,34.0
1247,3000,340,20,10000,1,99.17
1248,1000,60,3,1900,1,39.67
1250,2000,200,14,10000,1,49.59
1251,500,60,0,2100,-1,82.64
1252,1000,60,0,3000,1,33.06
1253,3500,280,45,5000,1,35.6
1254,9000,430,20,9000,1,125.62
1255,2500,88,0,3000,2,76.03
1256,2000,170,0,8000,1,99.17
1257,1000,70,0,15000,-1,82.64
1258,2000,140,12,4000,2,99.17
1259,2000,200,20,10000,1,46.28
1260,5700,250,0,15000,1,37.19
1261,3000,300,0,5000,1,46.4
1263,5000,465,75,0,1,82.6
1264,1000,50,0,2000,1,19.83
1265,3000,210,0,0,1,36.27
1267,1000,60,0,4000,1,39.67
1268,1000,30,7,1000,1,16.53
1269,2000,104,0,2500,1,26.45
1270,5000,400,0,6500,1,66.12
1271,3000,200,0,3000,1,56.2
1272,1000,100,40,10000,-1,89.26
1273,3000,231,32,8500,1,59.5
1275,2000,130,5,0,1,54.9
1276,1000,140,2,5000,1,13.22
1278,3000,250,12,0,1,27.34
1279,1000,80,8,3000,1,29.75
1280,1000,70,0,5000,1,29.75
1281,5000,250,0,15000,1,99.17
1282,3500,280,0,8000,1,79.34
1283,2000,180,0,5000,1,52.89
1284,2000,150,0,6000,-1,66.12
1285,2000,80,0,2500,1,36.36
1286,5000,400,0,2500,1,105.98
1287,3000,250,10,0,1,66.1
1289,3000,200,0,0,1,72.0
1290,1500,70,0,4500,1,39.67
1291,3000,200,20,4500,1,58.38
1293,5000,250,10,6000,1,39.67
1294,1000,80,3,2500,1,36.36
1295,1000,120,0,19000,1,39.67
1296,1000,60,0,1800,1,26.45
1297,1000,65,0,900,-1,26.45
1298,2000,100,25,1500,-1,19.83
1299,1000,90,5,4000,1,26.45
1301,4000,200,70,5000,-1,33.06
1302,2000,230,0,0,1,66.1
1303,5000,450,23,3000,1,61.2
1304,2000,100,0,2000,1,39.67
1305,4000,350,15,16000,1,33.06
1306,3000,90,0,4000,1,29.75
1307,2000,150,15,1000,1,56.2
1308,2000,160,80,4000,1,40.94
1309,4000,210,8,3000,1,25.0
1310,2000,115,0,8000,1,23.14
1311,8000,420,0,19000,2,66.68
1312,5000,320,30,10000,1,42.98
1313,2000,100,0,1000,1,39.67
1314,0,0,35,0,2,102.59
1315,1000,80,8,2500,1,29.8
1316,8500,400,8,5000,1,46.3
1318,4000,270,0,0,2,64.12
1319,5000,300,0,5000,1,135.5
1320,2000,270,0,0,1,66.1
1321,3100,135,0,7000,1,19.83
1322,2000,150,5,1200,2,46.28
1324,5000,400,0,2500,1,35.04
1325,6000,220,0,13000,2,62.81
1327,7000,300,10,5000,1,52.39
1329,1000,120,0,2900,1,23.0
1330,1000,80,5,700,1,9.9
1331,2000,170,10,3500,-1,36.36
1332,1500,80,0,2000,1,26.45
1336,2000,95,0,6000,1,33.06
1337,1000,60,0,4500,1,10.0
1338,3150,230,23,0,1,19.8
1340,1500,169,3,3000,1,23.14
1341,5000,270,24,3000,1,43.0
1342,1000,95,8,2000,1,23.1
1343,2000,200,43,5000,1,33.06
1344,3000,250,30,5000,1,52.89
1345,2500,190,10,0,1,26.4
1346,1000,45,0,1000,1,23.14
1347,2000,110,5,1500,-1,51.44
1349,2500,190,10,0,1,33.1
1350,1000,60,0,1200,1,29.75
1352,5000,450,50,0,2,66.1
1353,1500,110,5,0,1,36.4
1354,2000,130,15,0,2,42.2
1355,1000,90,5,1500,1,23.14
1356,1000,100,4,0,1,19.83
1358,4000,230,0,15000,1,43.0
1360,500,60,5,8000,1,9.92
1361,2000,90,4,2700,1,19.83
1362,5000,300,30,13000,1,62.81
1363,1000,100,0,2300,1,79.34
1364,2000,120,5,2000,-1,56.2
1365,2500,190,10,0,1,36.4
1366,3000,270,10,3500,1,92.56
1367,5000,430,8,1500,-1,112.4
1368,3000,240,5,0,2,92.56
1369,5000,450,0,6000,1,106.25
1370,3000,200,30,5000,2,42.59
1371,1000,100,0,4000,-1,84.69
1372,2000,150,3,12000,1,52.89
1373,5000,500,20,10000,1,82.64
1374,2000,80,0,2000,1,31.2
1375,2000,180,20,2000,2,90.0
1377,6000,550,0,5000,1,135.54
1381,5000,350,30,0,1,119.0
1382,1000,80,0,1500,1,26.4
1385,5000,368,17,14000,1,105.79
1386,2000,210,20,15000,1,39.67
1387,2000,190,9,3500,1,49.59
1388,3000,253,0,5000,1,66.12
1389,2000,250,0,10000,1,69.42
1390,3000,200,0,17000,1,33.06
1391,4000,200,1,6000,1,56.2
1392,2000,180,10,7000,2,105.24
1393,8000,610,30,0,1,165.22
1394,3000,180,15,1000,1,29.4
1395,3000,330,0,0,1,26.4
1396,3000,220,50,5000,1,42.98
1397,0,0,26,0,2,32.97
1398,2000,130,7,0,1,28.1
1399,2500,200,7,3000,1,92.6
1400,1500,150,10,5000,1,16.53
1401,3000,180,10,5000,1,56.2
1402,1000,120,0,2500,1,46.3
1403,2000,170,0,6000,-1,92.56
1404,2000,60,1,5000,1,33.06
1405,1000,95,0,3500,1,30.0
1406,5000,443,70,9000,1,76.03
1407,1000,153,0,4500,1,59.4
1408,3000,300,25,15000,-1,105.79
1409,5000,150,10,12000,1,66.12
1410,2000,170,45,3000,1,46.28
1411,8000,290,50,12000,1,49.59
1412,4000,300,30,0,1,76.0
1413,3000,160,30,3000,1,59.5
1414,4000,240,60,6000,-1,42.98
1415,1000,110,4,3000,1,36.36
1416,3000,100,0,2800,1,23.14
1417,1000,90,2,1500,-1,20.0
1418,1000,110,0,3000,1,14.0
1419,4000,300,5,10000,2,82.64
1420,2000,150,0,4000,1,56.68
1421,2500,120,5,11000,1,42.98
1422,1500,70,1,1500,1,25.92
1423,3000,198,0,4000,-1,66.12
1424,8000,650,0,4000,1,136.48
1425,2700,232,30,4000,1,49.6
1428,3000,190,0,2000,1,50.14
1429,5000,250,70,0,1,43.0
1430,2000,150,0,700,2,39.0
1431,3000,200,5,0,1,35.0
1432,3000,280,15,6000,1,92.56
1433,4000,200,0,1500,1,49.59
1434,1000,120,8,0,1,33.1
1435,3000,150,0,5000,-1,49.59
1436,6000,100,18,5000,1,33.06
1437,3000,250,0,9000,1,61.02
1438,2000,183,8,4000,1,26.45
1439,1000,80,7,2000,1,26.45
1441,5000,230,40,4500,1,16.53
1442,2000,77,2,2000,1,26.45
1444,5000,400,20,16000,1,82.64
1445,5000,380,10,10000,1,80.68
1446,3000,185,50,5000,1,26.45
1447,5000,250,70,15000,1,49.6
1449,2000,100,4,3500,1,36.36
1450,8000,800,80,10000,2,105.8
1451,2000,130,5,3000,1,39.67
1452,8000,800,80,10000,1,105.8
1453,5000,400,15,11000,1,82.64
1454,2000,140,5,4000,1,26.45
1455,3000,150,0,2000,1,72.73
1456,2000,140,0,3000,-1,66.12
1457,1000,90,20,4000,1,22.7
1458,2500,130,50,5000,1,23.14
1459,3500,150,0,13000,1,66.12
1460,3000,230,25,3000,-1,26.45
1461,2000,120,4,8000,-1,32.49
1464,4460,300,50,10000,-1,231.4
1465,1000,70,0,1200,1,33.06
1466,3000,140,0,4000,2,76.03
1467,2000,160,0,8000,1,33.06
1468,7000,600,0,10000,1,119.01
1470,4000,210,40,3000,1,43.0
1471,3000,150,5,3000,-1,29.75
1473,1000,100,0,1000,1,26.45
1474,4000,300,25,12000,1,66.12
1475,3000,120,0,700,1,39.67
1477,2000,140,10,0,1,46.3
1478,3000,210,5,2000,1,50.0
1479,3000,160,14,3500,1,66.12
1480,5000,500,65,4000,1,40.34
1481,2000,150,10,2800,1,35.0
1482,1100,200,0,4000,1,39.67
1483,1000,60,0,2500,1,19.83
1485,5000,230,35,6000,1,49.59
1486,2000,200,10,0,1,35.37
1487,2000,55,0,3000,1,36.4
1488,6000,600,0,10000,1,234.71
1489,1000,100,5,0,1,38.06
1493,5000,500,50,5000,-1,175.0
1494,4000,350,0,15000,1,62.81
1495,5000,230,25,2500,1,42.32
1497,6000,600,60,0,1,66.1
1498,500,45,3,1000,1,19.83
1499,3000,210,30,0,-1,37.9
1500,8000,600,30,500,1,165.29
1501,300,30,0,2000,1,23.14
1502,2000,240,0,5000,1,59.5
1504,2000,160,0,2000,1,102.48
1505,5000,450,65,8000,1,62.81
1506,1000,85,3,2400,1,26.45
1507,1000,70,1,0,1,23.1
1508,1000,80,1,2800,1,29.75
1509,4000,264,25,5000,1,59.2
1510,2000,120,7,10000,1,33.06
1512,2000,110,0,5000,1,59.5
1513,2000,115,30,3800,1,36.36
1514,7000,320,15,0,1,36.4
1517,2500,150,5,6000,1,56.2
1518,1000,70,1,3000,1,41.0
1519,1000,70,0,2800,1,27.31
1520,500,60,0,3500,1,13.22
1521,3000,160,20,5000,1,33.06
1522,1000,55,0,3000,1,19.83
1523,1500,70,0,3000,1,49.59
1524,1000,100,0,3500,1,36.36
1525,3000,130,0,4000,1,42.98
1526,500,70,5,2000,1,7.92
1527,6000,210,60,3300,1,33.06
1529,2000,140,10,11000,1,105.79
1530,5000,202,47,5000,1,52.9
1531,5000,315,40,7000,1,33.06
1533,2000,330,40,2500,1,42.98
1534,1500,120,0,4500,1,42.98
1535,5000,430,20,0,1,93.81
1537,2000,118,10,0,-1,40.07
1538,3000,200,20,6000,1,32.47
1540,500,65,5,2000,1,16.5
1541,1000,140,10,2000,1,33.06
1542,3000,165,40,7000,1,66.12
1543,3000,300,0,17000,1,64.17
1546,2000,126,5,4000,1,49.59
1547,7000,700,0,0,1,142.1
1549,5000,250,11,5000,1,29.75
1550,5000,312,7,15000,1,59.5
1551,2000,142,10,10000,1,46.28
1552,1000,120,4,3000,1,33.06
1553,6800,700,100,15000,1,59.0
1554,4000,220,15,8000,1,45.36
1555,1000,230,0,13000,1,39.67
1556,2000,170,5,7000,1,36.36
1557,1500,110,2,4000,1,9.92
1558,2000,105,3,10000,1,66.12
1559,3000,95,6,5000,1,39.67
1560,1500,80,0,3500,-1,56.6
1561,2500,250,25,5500,1,33.06
1563,1000,75,10,4000,1,19.83
1564,3000,145,10,10000,1,46.28
1565,3000,200,0,5000,1,99.17
1566,1500,200,7,8000,1,109.09
1570,2500,115,0,4500,1,46.28
1571,1000,80,0,1000,1,33.06
1572,500,45,8,0,1,22.62
1574,1000,80,3,3000,1,49.0
1575,5000,399,58,8000,1,158.68
1576,3000,200,0,0,1,86.61
1577,3000,180,0,0,2,86.61
1578,2700,194,33,1400,-1,14.55
1580,1500,150,30,3000,1,26.45
1582,5000,340,50,15000,1,46.28
1584,1000,35,2,10000,-1,78.0
1585,1000,110,0,3000,1,59.5
1586,2200,190,20,2500,1,62.81
1587,1000,65,5,3000,1,28.7
1588,300,170,5,0,1,25.42
1589,2000,150,0,8000,1,66.1
1592,3000,140,6,7000,1,39.67
1593,2000,85,0,2000,1,19.83
1594,2000,187,50,10000,1,16.53
1595,2000,100,50,5500,-1,33.06
1596,2500,50,0,3000,1,33.06
1597,2000,120,2,3000,1,52.89
1598,3000,200,10,0,1,33.1
1599,1500,100,10,4500,1,26.45
1600,2000,170,0,700,1,49.6
1602,5000,400,15,4500,1,66.12
1603,3000,150,0,8000,1,29.75
1604,7000,333,15,1000,1,102.77
1605,5000,200,20,13000,1,66.12
1606,2000,130,7,0,1,33.1
1607,2000,150,35,2500,1,44.58
1608,500,53,4,0,1,16.0
1609,5000,360,0,0,1,56.2
1610,3000,250,50,8000,1,36.36
1611,1000,60,0,0,1,29.8
1612,3000,180,1,2000,1,42.98
1613,5000,215,80,15000,-1,54.8
1615,4200,400,80,16500,1,99.17
1616,2000,220,0,8000,1,57.26
1617,2000,120,0,6000,-1,54.84
1618,2000,75,0,3000,1,23.14
1619,1500,85,2,6000,1,46.28
1620,5000,500,50,0,1,148.8
1622,0,0,20,0,1,52.89
1623,2000,150,4,2500,1,33.06
1625,9000,650,280,10000,1,82.64
1626,2000,320,0,0,1,59.5
1627,3000,220,8,0,1,49.6
1628,1000,80,0,5000,1,28.0
1629,7000,700,0,0,1,146.02
1630,1000,70,0,5000,1,33.06
1631,2000,168,0,8000,1,52.9
1632,3000,180,10,8000,1,16.53
1634,7000,470,0,10000,1,56.2
1635,3000,290,17,0,1,45.6
1636,1000,75,5,0,1,33.1
1638,5000,400,10,0,1,94.21
1639,1500,120,0,4000,1,33.1
1640,2500,240,0,3000,2,66.1
1641,2500,190,10,0,1,33.1
1642,2000,110,10,3000,1,33.1
1643,2000,180,0,0,1,36.4
1644,3000,270,15,0,2,109.1
1645,7000,220,1,7000,1,26.45
1646,1500,110,0,2500,1,33.69
1647,500,40,0,3500,1,19.83
1648,5000,280,10,10000,1,66.12
1649,5000,210,50,10000,1,42.98
1650,1000,110,2,9500,1,66.12
1651,1000,80,0,1500,1,33.1
1653,2000,280,6,0,2,108.64
1654,1000,84,3,2500,2,62.96
1655,2000,160,0,12000,1,74.15
1656,5000,350,20,5000,1,82.64
1657,2000,130,0,0,1,29.52
1658,0,0,0,0,1,29.52
1659,1000,130,3,6000,1,33.06
1660,2000,170,35,5000,1,26.45
1661,5000,270,3,5000,1,66.12
1662,2000,160,0,3500,1,33.06
1663,2000,100,6,7000,1,42.98
1664,4000,230,45,3000,1,26.45
1665,3000,200,10,15000,1,56.2
1667,500,65,10,2500,1,11.21
1668,5000,450,0,0,1,82.6
1669,2000,200,10,2500,1,66.1
1670,1000,80,0,3500,1,33.1
1671,2000,100,0,5000,1,36.36
1672,3000,250,50,5800,-1,66.12
1673,1300,130,2,5000,1,39.67
1675,2000,100,3,5500,1,46.28
1676,3000,264,0,11000,2,99.17
1677,2100,120,0,6600,1,19.83
1678,5000,130,15,3600,1,42.98
1679,3000,230,20,0,1,46.3
1680,3000,200,10,0,1,88.64
1682,4434,443,61,0,1,47.29
1683,1000,70,20,6000,2,42.98
1684,1000,160,10,15000,1,42.98
1685,2000,100,0,1500,1,36.36
1686,5000,290,22,10000,1,82.64
1687,600,60,7,1800,1,19.83
1688,3000,130,0,2000,-1,46.28
1689,2000,101,0,3500,1,29.75
1690,3000,320,10,6000,1,132.23
1691,1500,110,5,1500,1,23.14
1692,1500,88,50,4500,-1,26.45
1693,2850,126,0,4500,1,33.06
1694,1000,115,10,1000,1,16.53
1695,3000,150,0,8000,1,81.36
1696,1000,150,0,5000,1,45.0
1700,3000,275,35,10000,1,155.37
1701,3000,280,0,5000,1,161.98
1702,3000,210,15,0,1,46.3
1703,2000,110,0,5000,1,60.0
1704,3000,150,0,0,-1,46.3
1705,1000,80,20,1500,1,26.45
1706,8000,570,0,0,1,104.0
1707,1000,80,1,3500,1,23.0
1708,1000,70,0,0,1,26.4
1710,2000,210,60,18000,1,42.98
1711,1000,60,0,2300,1,29.75
1712,900,57,0,2000,-1,59.5
1713,1000,60,4,4500,1,26.45
1714,2000,67,25,10000,1,24.75
1715,1500,50,0,10500,1,33.06
1716,3000,230,25,5000,1,39.57
1717,3000,210,20,2000,1,66.12
1718,2000,121,0,2000,2,66.44
1719,1000,70,0,0,1,49.6
1720,2000,300,15,2000,2,64.8
1721,1000,80,0,4000,2,30.0
1722,2000,120,0,2000,1,37.96
1723,3000,303,50,10000,1,33.06
1724,1000,60,0,2500,1,33.06
1725,3000,280,40,6000,1,66.12
1727,3000,140,10,4000,1,33.1
1728,1000,87,2,5500,1,29.7
1729,1500,140,0,0,1,18.8
1730,1000,75,4,2500,1,26.45
1731,2000,100,0,6500,1,29.34
1732,3500,500,50,13000,2,146.0
1734,3000,80,6,2000,1,42.98
1738,3000,160,0,4500,1,72.0
1740,3000,300,0,0,2,89.3
1741,5500,250,0,10000,1,82.64
1742,3000,190,10,0,1,33.1
1743,2000,170,0,0,1,43.0
1745,6000,600,60,0,1,66.1
1746,2000,85,0,2000,1,9.92
1747,5000,230,0,5500,1,19.8
1748,2000,110,0,2500,1,33.1
1749,5000,230,10,0,1,30.15
1750,8000,550,20,15000,1,231.4
1752,2000,100,2,7000,1,59.5
1755,4000,170,60,4000,1,33.06
1756,1000,110,0,4000,1,49.59
1757,2000,120,45,2500,1,34.48
1758,3000,120,10,3000,1,26.45
1759,2000,100,3,0,1,36.4
1760,5000,500,60,3000,1,141.008
1761,3000,200,0,0,1,36.27
1762,1200,125,5,0,1,26.4
1763,1000,135,0,2300,1,39.6
1764,1000,150,0,11000,1,72.73
1765,2000,210,15,8000,1,44.06
1766,2000,220,60,10000,1,29.75
1768,5000,358,24,5000,1,70.2
1769,2000,150,10,0,1,29.8
1770,1000,70,0,1000,1,29.8
1771,5000,300,10,14000,1,92.16
1772,6000,400,40,0,1,179.7
1773,1000,55,5,2000,1,32.45
1774,2000,130,5,4500,1,28.44
1775,2000,130,5,4500,1,76.4
1776,5000,400,45,4000,1,48.0
1777,0,0,0,0,1,69.33
1778,3000,165,20,5000,-1,167.46
1779,2000,120,13,2500,1,33.06
1780,3000,245,0,3000,1,26.45
1781,2000,115,5,2000,1,42.98
1782,9000,450,30,10000,1,82.64
1783,3150,273,25,16000,1,87.78
1785,2000,100,3,5500,1,46.28
1787,5000,390,20,0,1,59.5
1788,2000,150,10,0,1,43.7
1789,2000,148,45,13000,1,89.26
1790,3000,250,8,15000,1,125.62
1791,5000,390,20,0,1,46.3
1792,4500,200,10,2000,1,25.5
1794,2000,160,18,3000,1,56.2
1797,5000,500,60,0,1,73.0
1799,7000,350,20,4500,1,72.7
1802,5000,460,20,0,1,119.52
1804,2000,180,8,1,1,20.89
1805,500,40,35,2200,-1,23.14
1806,2000,138,10,2000,1,33.1
1807,3000,200,0,7000,1,162.4
1808,2000,130,10,8000,-1,28.3
1809,3000,120,15,15000,1,29.75
1810,1000,150,5,8000,1,23.0
1811,3000,180,0,12000,1,99.17
1814,8000,350,0,0,1,115.7
1816,1000,180,0,4500,1,42.7
1817,0,0,0,3000,-1,100.33
1818,1000,55,0,2150,1,19.83
1820,1500,120,7,0,1,33.1
1821,4000,190,60,3000,1,43.93
1822,3000,214,18,18000,1,46.28
1823,4000,375,0,6000,1,132.23
1824,3000,200,0,3500,1,129.0
1825,2000,160,0,0,1,83.7
1826,4000,340,0,3000,1,59.5
1828,3000,210,15,0,1,43.0
1830,1000,75,0,5000,1,19.83
1831,1000,120,7,4500,1,33.06
1833,6600,335,0,1500,-1,158.68
1834,3000,152,0,6500,1,30.0
1835,8000,260,20,9000,1,52.41
1836,1000,70,30,7000,-1,35.53
